Card Name	Bug Description	Categorization	Last Confirmed
Abandoned Sarcophagus	Abandoned Sarcophagus does not allow you to pay for {X} when casting cycling cards with its ability	Disadvantageous	2018-03-23 02:38:18
Angelic Field Marshal	Angelic Field Marshal still grants a bonus to your commander when an opponent gains control of it.	Advantageous	2018-03-23 03:37:40
Anthroplasm	Anthroplasm dies as soon as its ability resolves and can cause a softlock with an anthem effect out.	Avoidable Game Breaking	2018-03-18 04:39:08
Apathy	The triggered ability of Apathy causes a soft-lock.	Game Breaking	2018-03-23 03:37:43
As Foretold	As Foretold does not apply to cards able to be cast due to Abandoned Sarcophagus.	Disadvantageous	2018-03-23 03:38:05
Ashiok, Nightmare Weaver	Ashiok, Nightmare Weaver is unable to put a creature with converted mana cost equal to its current loyalty onto the battlefield.	Disadvantageous	2018-03-23 03:37:48
Athreos, God of Passage	Athreos, God of Passage does not associate its triggers with specific creatures.	Graphical	2018-03-23 03:38:18
Austere Command	Austere Command does not respect 711.4b and treats the converted mana cost of the back side of double-faced permanents as 0.	Disadvantageous	2018-03-23 03:37:49
Bala Ged Thief	When only some cards from an opponent's hand are revealed, they do not appear in the revealed zone	Disadvantageous	2018-03-23 03:37:39
Blessed Breath	Splice onto Arcane abilities are incorrectly affected by cost reduction effects that are supposed to affect spells only if there are two cost-reducting permanents with the same name	Advantageous	2018-03-05 23:39:21
Blessed Breath	Splice onto Arcane abilities are incorrectly affected by tax effects that are supposed to affect spells only	Advantageous	2018-03-23 02:30:52
Blood Moon	If Vesuva copies a land with a static ability and then is later turned into a basic land (perhaps by a Blood Moon or Spreading Seas), that static ability will not be removed. Triggered and activated abilities are correctly removed.	Advantageous	2018-03-23 03:37:45
Booby Trap	[Booby Trap] does not let you name anything other than non-basic lands.	Disadvantageous	2017-12-12 18:19:18
Borderland Explorer	All lands fetched using Borderland Explorer's ETB ability, regardless of who owns it, will ends up in Borderland's controller hand, but those lands can't be played or discarded	Advantageous	2018-03-23 02:39:11
Buried Alive	The order of cards put into the graveyard by Buried Alive is random	Disadvantageous	2018-03-04 06:55:58
Cairn Wanderer	Some specific protections (Snow or specificially spectra ward) are not counted as protections to be gained or shared	Disadvantageous	2018-03-15 07:42:33
Candles' Glow	Splice onto Arcane abilities are incorrectly affected by cost reduction effects that are supposed to affect spells only if there are two cost-reducting permanents with the same name	Advantageous	2018-03-05 23:39:21
Candles' Glow	Splice onto Arcane abilities are incorrectly affected by tax effects that are supposed to affect spells only	Advantageous	2018-03-23 02:30:52
Cast Out	Cards exiled by Cast Out are not placed underneath it	Graphical	2018-03-08 19:54:51
Chandra Nalaar	Chandra Nalaar Ultimate ability (Chandra's -8) does not count as damage from a planeswalker.	Disadvantageous	2018-03-20 18:38:41
Circle of Flame	Cards that are only common in PRM version can be added to Pauper decks, but you can't join a Pauper match with decks that have those cards	Unconfirmed	2018-03-17 01:05:29
Clone Legion	[Clone Legion] puts multiple excess copies of all creatures from all of the targeted player's zones.	Advantageous	2018-03-02 03:40:54
Cloud Key	Cloud Key Players are unable to correctly select a card type	Non-Functional ability	2018-03-23 01:23:52
Collected Company	Collected Company does not allow you to put fewer than the maximum number of creatures onto the battlefield.	Disadvantageous	2018-03-23 03:38:02
Combat Celebrant	Combat Celebrant does not allow you to exert it when attacking a planeswalker.	Disadvantageous	2018-03-23 02:38:46
Commandeer	Commandeer does not gain control of the targeted noncreature spell.	Disadvantageous	2018-03-23 03:38:02
Compost	[Compost] The effect isn't triggered when an opponent only casts the nonblack half of a split card. 	Disadvantageous	2018-02-12 02:20:27
Compulsive Research	Dredging rather than drawing can let you avoid discarding	Advantageous	2018-02-03 03:37:58
Concerted Effort	Some protection abilities granted by Concerted Effort are not shown visually on creatures	Graphical	2018-03-15 06:40:22
Concerted Effort	Some specific protections (Snow or specificially spectra ward) are not counted as protections to be gained or shared	Disadvantageous	2018-03-15 07:42:33
Consuming Vortex	Splice onto Arcane abilities are incorrectly affected by cost reduction effects that are supposed to affect spells only if there are two cost-reducting permanents with the same name	Advantageous	2018-03-05 23:39:21
Consuming Vortex	Splice onto Arcane abilities are incorrectly affected by tax effects that are supposed to affect spells only	Advantageous	2018-03-23 02:30:52
Containment Priest	Containment Priest exiles Theros Gods even when their devotion isn't met.	Advantageous	2018-03-23 03:38:14
Contingency Plan	Some spells that let you look at the top cards of your library and choose multiple cards one-by-one to send to the graveyard will incorrectly display the visual order of the chosen cards in the graveyard.	Graphical	2018-02-13 20:10:02
Cryptic Gateway	[Cryptic Gateway] Cannot select a card from your hand	Non-Functional ability	2018-02-16 04:01:16
Crystal Spray	Cards that ask you to choose "a basic land type or a color word" only let you choose a basic land type.	Disadvantageous	2018-02-15 05:01:51
Curse of Shallow Graves	Curse of Shallow Graves creates Zombie tokens with incorrect art.	Graphical	2018-03-23 03:38:19
Cursed Scroll	[Cursed Scroll] does not deal damage if choosing to click the card in your hand, rather than typing the name.	Graphical	2018-01-19 08:40:31
Custodi Lich	Custodi Lich The sacrifice trigger happens whenever any player becomes the monarch.	Advantageous	2018-03-22 16:40:06
Dampen Thought	Splice onto Arcane abilities are incorrectly affected by cost reduction effects that are supposed to affect spells only if there are two cost-reducting permanents with the same name	Advantageous	2018-03-05 23:39:21
Dampen Thought	Splice onto Arcane abilities are incorrectly affected by tax effects that are supposed to affect spells only	Advantageous	2018-03-23 02:30:52
Death Pit Offering	[Death Pit Offering] sacrifices all of its owner's permanents, not just creatures	Disadvantageous	2018-01-19 09:46:52
Death-Mask Duplicant	Some specific protections (Snow or specificially spectra ward) are not counted as protections to be gained or shared	Disadvantageous	2018-03-15 07:42:33
Deceiver of Form	If Deceiver of Form's triggered ability turns creatures into copies of a legendary creature, the legend rule fails to apply to the copies.	Advantageous	2018-03-23 03:37:55
Desperate Ritual	Splice onto Arcane abilities are incorrectly affected by cost reduction effects that are supposed to affect spells only if there are two cost-reducting permanents with the same name	Advantageous	2018-03-05 23:39:21
Desperate Ritual	Splice onto Arcane abilities are incorrectly affected by tax effects that are supposed to affect spells only	Advantageous	2018-03-23 02:30:52
Disciple of Phenax	When only some cards from an opponent's hand are revealed, they do not appear in the revealed zone	Disadvantageous	2018-03-23 03:37:39
Dosan the Falling Leaf	Dosan the Falling Leaf only allows players to cast spells during his/her opponent's turn	Advantageous	2018-03-06 04:35:15
Doubling Season	Doubling Season incorrectly doubles loyalty counters added from costs of loyalty abilities.	Advantageous	2018-03-23 03:37:58
Dream Halls	Dream Halls Ability is non-functional. Cannot cast spells with the alternative Casting Cost.	Non-Functional ability	2018-03-23 02:39:13
Dream Tides	Dream Tides doesn't require a cost for nongreen creatures chosen to untap.	Advantageous	2018-03-15 01:32:28
Elesh Norn, Grand Cenobite	If Containment Priest and Elesh Norn, Grand Cenobite are both Exhumed, Elesh Norn, Grand Cenobite is exiled and her effect lasts indefinitely.	Advantageous	2018-03-23 03:38:07
Ends	Odds Odds: Restarts the game in buggy state on heads	Game Breaking	2018-03-18 03:58:02
Entreat the Angels	When Entreat the Angels is on the stack with 0 chosen for X, the blue text that typically indicates the value of X does not appear.	Graphical	2018-03-23 03:37:44
Ever After	There are known issues with giving flashback to a spell that is put on the bottom of a library as it resolves.	Unclassified	2018-03-23 03:38:00
Evermind	Splice onto Arcane abilities are incorrectly affected by cost reduction effects that are supposed to affect spells only if there are two cost-reducting permanents with the same name	Advantageous	2018-03-05 23:39:21
Evermind	Splice onto Arcane abilities are incorrectly affected by tax effects that are supposed to affect spells only	Advantageous	2018-03-23 02:30:52
Expropriate	bug When Primal Wellspring copies Expropriate, Expropriate effects are controlled by the non-active player who votes time	Unconfirmed	2018-03-22 17:05:54
Fa'adiyah Seer	Fa'adiyah Seer and Sindbad's ability won't discard non-land card drawn if there is any dredge card in your graveyard	Advantageous	2018-03-18 05:57:01
Fire Covenant	If Fire Covenant is cast for x=0 and you pay the 1 extra mana that MTGO asks you to (which is the bug), the game will restarts. Workaround: Undo the process if you encounter this bug, and never cast it for x=0	Avoidable Game Breaking	2018-03-18 03:57:56
Floodtide Serpent	Insteading of bouncing an enchantment, attacking with Floodtide Serpent shows you all zones.	Advantageous	2018-02-06 03:13:44
Fractured Identity	bug When Primal Wellspring copies Fractured Identity, the controller of the permanent it targets chooses the new targets for it	Unconfirmed	2018-03-22 17:06:08
Freyalise's Winds	[Freyalise's Winds] Anytime a permanent with a wind counter would be untapped outside of the untap step,  a wind counter is removed rather than it becoming untapped.	Disadvantageous	2018-02-03 06:38:06
Garruk, the Veil-Cursed	The art for the wolf token created by Garruk, the Veil-Cursed is incorrect.	Graphical	2018-03-23 03:37:46
Genju of the Fields	[Genju of the Fields] does not cause you to gain life upon dealing damage	Disadvantageous	2018-02-13 05:39:16
Gideon's Intervention	Gideon's Intervention Casting a second copy causes the first to become partially non-functional, allowing the named card to deal damage.	Disadvantageous	2018-03-23 03:38:16
Gideon, Martial Paragon	Gideon, Martial Paragon AKH Planeswalker deck has 1 Gideon's Intervention instead of 1 Glory-Bound Initiate.	Unclassified	2018-03-23 03:38:11
Gifts Ungiven	If a player uses the Undo function when selecting cards for their opponent's Gifts Ungiven, they will only be able to choose 1 card to go to the graveyard.	Disadvantageous	2018-03-23 03:37:50
Gishath, Sun's Avatar	Gishath, Sun's Avatar does not allow you to decline to put a Dinosaur creature into play if you have one in your hand.	Disadvantageous	2018-03-23 03:38:01
Glacial Ray	Splice onto Arcane abilities are incorrectly affected by cost reduction effects that are supposed to affect spells only if there are two cost-reducting permanents with the same name	Advantageous	2018-03-05 23:39:21
Glacial Ray	Splice onto Arcane abilities are incorrectly affected by tax effects that are supposed to affect spells only	Advantageous	2018-03-23 02:30:52
Glamerdye	When you change the color in a card's text, the card won't show the new chosen color in the cards itself, in the tooltip, and not in the zoomed version	Graphical	2018-02-09 07:28:10
Goblin Game	Goblin Game reveals your chosen number before your opponents choose.	Disadvantageous	2018-03-23 03:38:06
God-Pharaoh's Gift	The Scarab God and God-Pharaoh's Gift do not respect 706.9d and replaces characteristic defining abilities when creating copies of creatures.	Unclassified	2018-03-23 03:37:46
Godsire	The art for the tokens created by [Godsire] is incorrect.	Graphical	2018-02-01 19:53:21
Gonti, Lord of Luxury	If you cast Savage Stomp with Gonti, Lord of Luxury and your opponent controls a dinosaur, the cost will incorrectly be reduced by 2.	Advantageous	2018-03-23 03:37:58
Goryo's Vengeance	Splice onto Arcane abilities are incorrectly affected by cost reduction effects that are supposed to affect spells only if there are two cost-reducting permanents with the same name	Advantageous	2018-03-05 23:39:21
Goryo's Vengeance	Splice onto Arcane abilities are incorrectly affected by tax effects that are supposed to affect spells only	Advantageous	2018-03-23 02:30:52
Grafdigger's Cage	If you manifest a creature with Grafdigger's Cage in play, it will be exiled.	Disadvantageous	2018-03-23 03:38:13
Grave Betrayal	If control of Grave Betrayal or  Shirei, Shizo's Caretaker changes between a creature dying and the delayed EOT trigger going on the stack, the new controller gets the creature rather than the player who created the delayed trigger.	Disadvantageous	2018-03-19 00:24:33
Greater Realm of Preservation	Greater Realm of Preservation does not prevent Sin Prodder's upkeep trigger damage	Disadvantageous	2018-02-08 15:38:12
Hada Freeblade	Certain cards, such as Hada Freeblade, do not display a legality error for the Pauper format in the collection scene.	Graphical	2018-03-23 03:37:59
Harness the Storm	[Harness the Storm] Doesn't trigger when casting split cards.	Disadvantageous	2018-02-01 03:38:17
Harsh Mentor	Harsh Mentor's triggered ability also affects abilities activated from creatures in the graveyard.	Advantageous	2018-03-23 03:37:56
Headless Horseman	Cards that are only common in PRM version can be added to Pauper decks, but you can't join a Pauper match with decks that have those cards	Unconfirmed	2018-03-17 01:05:29
Hideous Laughter	Splice onto Arcane abilities are incorrectly affected by cost reduction effects that are supposed to affect spells only if there are two cost-reducting permanents with the same name	Advantageous	2018-03-05 23:39:21
Hideous Laughter	Splice onto Arcane abilities are incorrectly affected by tax effects that are supposed to affect spells only	Advantageous	2018-03-23 02:30:52
High Seas	[High Seas] only affects red creature spells.	Disadvantageous	2018-03-04 07:39:05
Hollow One	Hollow One's cost reduction doesn't consider split cards that are discarded	Disadvantageous	2018-03-23 03:38:13
Horobi's Whisper	Splice onto Arcane abilities are incorrectly affected by cost reduction effects that are supposed to affect spells only if there are two cost-reducting permanents with the same name	Advantageous	2018-03-05 23:39:21
Horobi's Whisper	Splice onto Arcane abilities are incorrectly affected by tax effects that are supposed to affect spells only	Advantageous	2018-03-23 02:30:52
Howltooth Hollow	Shelldock Isle and other hideaway lands from Lorwyn do not allow you to play lands.	Disadvantageous	2018-03-23 03:37:47
Hundred-Talon Strike	Splice onto Arcane abilities are incorrectly affected by cost reduction effects that are supposed to affect spells only if there are two cost-reducting permanents with the same name	Advantageous	2018-03-05 23:39:21
Hundred-Talon Strike	Splice onto Arcane abilities are incorrectly affected by tax effects that are supposed to affect spells only	Advantageous	2018-03-23 02:30:52
Icefall Regent	If you target an [Icefall Regent] with a fused split card, you must pay {2} for each side of the split card, for a total of {4}	Advantageous	2018-02-01 03:11:05
Identity Thief	Identity Thief Restarts the game when attempting to copy a creature.	Game Breaking	2018-03-19 02:39:33
Ignite Memories	Ignite Memories and similar cards can cause a game restart if the target has no cards in hand.	Game Breaking	2018-03-23 03:38:12
Infinite Reflection	[Infinite Reflection] All creatures become copies, not just ones you control.	Advantageous	2018-01-03 11:38:22
Into the Fray	Splice onto Arcane abilities are incorrectly affected by cost reduction effects that are supposed to affect spells only if there are two cost-reducting permanents with the same name	Advantageous	2018-03-05 23:39:21
Into the Fray	Splice onto Arcane abilities are incorrectly affected by tax effects that are supposed to affect spells only	Advantageous	2018-03-23 02:30:52
Island Sanctuary	[Island Sanctuary]'s replacement effect is available if you draw a card during an opponents draw step	Advantageous	2017-06-19 21:55:29
Jodah's Avenger	[Jodah's Avenger] Activated ability continues activating infinitely.	Game Breaking	2018-01-19 08:40:27
Karplusan Minotaur	Karplusan Minotaur Cumulative upkeep cannot be paid	Disadvantageous	2018-03-18 20:39:31
Kess, Dissident Mage	Kess Dissident Mage's ability allows you to cast spells during other players' turns and to cast spells with no mana costs	Advantageous	2018-03-23 03:37:53
Khalni Garden	The art for the Plant token created by Khalni Garden is incorrect	Graphical	2018-01-24 03:26:30
Knowledge Pool	[Knowledge Pool] With multiple Knowledge Pools in play, casting a spell from hand lets you cast a spell from each Pool.	Advantageous	2018-01-06 11:37:55
Kodama's Might	Splice onto Arcane abilities are incorrectly affected by cost reduction effects that are supposed to affect spells only if there are two cost-reducting permanents with the same name	Advantageous	2018-03-05 23:39:21
Kodama's Might	Splice onto Arcane abilities are incorrectly affected by tax effects that are supposed to affect spells only	Advantageous	2018-03-23 02:30:52
Koth of the Hammer	When controlling the Emblem of Koth of the Hammer, lands do not display the blue text they have.	Graphical	2018-03-23 03:38:14
Kozilek's Translator	The mana abilities of Wall of Roots and Kozilek's Translator cannot be activated while paying the mana cost of a spell or ability. Players can still activate these abilities at any time that player has priority.	Disadvantageous	2018-03-23 03:37:55
Lavamancer's Skill	[Lavamancer's Skill] the "T: deal 1 damage" ability does not let you choose a target	Disadvantageous	2018-01-29 08:36:16
Lich	Lich If you cannot sacrifice enough permanents, the game restarts	Game Breaking	2018-03-18 20:39:30
Lifted by Clouds	Splice onto Arcane abilities are incorrectly affected by cost reduction effects that are supposed to affect spells only if there are two cost-reducting permanents with the same name	Advantageous	2018-03-05 23:39:21
Lifted by Clouds	Splice onto Arcane abilities are incorrectly affected by tax effects that are supposed to affect spells only	Advantageous	2018-03-23 02:30:52
Liquid Fire	[Liquid Fire] doesn't let you choose how to deal damage - it all goes to player	Disadvantageous	2018-01-19 09:46:56
Living Lore	If [Living Lore] imprints a Split Card, it has twice the expected CMC.	Advantageous	2018-02-15 02:55:11
Lurking Evil	[Lurking Evil] makes you pay half your opponent's life total	Advantageous	2017-12-17 10:54:12
Mana Bloom	Mana Bloom Ability does not generate mana on opponents' turns.	Disadvantageous	2018-03-23 01:40:03
Mass Polymorph	Synthetic DestinyMass Polymorph does not take commanders into account when determining the number of creatures to reveal.	Disadvantageous	2018-03-23 03:38:20
Midnight Oil	Casting a second Midnight Oil does not reset your hand size limit	Disadvantageous	2018-03-23 03:37:42
Mind Bend	Cards that ask you to choose "a basic land type or a color word" only let you choose a basic land type.	Disadvantageous	2018-02-15 05:01:51
Mindclaw Shaman	You are unable to cast split cards with [Mindclaw Shaman]'s ability.	Disadvantageous	2018-02-12 02:38:56
Mire's Toll	When only some cards from an opponent's hand are revealed, they do not appear in the revealed zone	Disadvantageous	2018-03-23 03:37:39
Mirror Match	Mirror Match Non-creature permanents that become creatures temporarily are incorrectly considered blocked by the token copies	Advantageous	2018-03-23 03:38:15
Mishra's Workshop	When there are floating generic mana and restricted mana (such as [Mishra's Workshop] mana) that are same color (or same colorless), MTGO will always use generic mana first before using the restricted mana. Workaround: don't float the generic mana if you want to use the restricted mana first	Disadvantageous	2018-02-21 19:35:44
Mosswort Bridge	Shelldock Isle and other hideaway lands from Lorwyn do not allow you to play lands.	Disadvantageous	2018-03-23 03:37:47
Multani's Presence	Multani's Presence incorrectly draws cards off copies of spells that are countered	Advantageous	2018-03-20 18:38:40
Mutiny	Mutiny doesn't have clear targeting information. Workaround: The game log displays targets matching the order written on the card, and will highlight the appropriate creature when its name is hovered over with the mouse.	Graphical	2018-03-23 03:37:41
Mystifying Maze	[Mystifying Maze] returns the exiled creature to the battlefield untapped.	Disadvantageous	2018-03-11 04:38:52
Naga Oracle	Some spells that let you look at the top cards of your library and choose multiple cards one-by-one to send to the graveyard will incorrectly display the visual order of the chosen cards in the graveyard.	Graphical	2018-02-13 20:10:02
Nazahn, Revered Bladesmith	Searching for any equipment other than Nazahn's Hammer causes it to be put in an opponent's hand	Disadvantageous	2018-02-03 02:37:56
Nebuchadnezzar	[Nebuchadnezzar] ability makes the game start endlessly repeating itself	Game Breaking	2018-02-02 21:38:03
Noble Benefactor	All lands fetched using Borderland Explorer's ETB ability, regardless of who owns it, will ends up in Borderland's controller hand, but those lands can't be played or discarded	Advantageous	2018-03-23 02:39:11
Null Chamber	[Null Chamber]'s Controller is asked to name two non-basic lands, rather than each player naming a card that's not a basic land.	Advantageous	2018-02-16 03:58:51
Null Profusion	Null Profusion triggers when another player casts its owner's cards	Advantageous	2018-03-04 22:21:16
Odds	Odds Odds: Restarts the game in buggy state on heads	Game Breaking	2018-03-18 03:58:02
Orcish Spy	[Orcish Spy] and cards with similar abilities show the cards in alphabetical order, not the actual order	Disadvantageous	2018-02-14 19:40:35
Oriss, Samite Guardian	Using Oriss, Samite Guardian's Grandeur ability during controller's precombat main phase will not allow controller to attack that turn.	Disadvantageous	2018-03-20 18:38:35
Overabundance	[Overabundance] can't add colorless mana, therefore keeping players from using lands that only tap for colorless	Advantageous	2018-02-26 00:12:54
Overblaze	Splice onto Arcane abilities are incorrectly affected by cost reduction effects that are supposed to affect spells only if there are two cost-reducting permanents with the same name	Advantageous	2018-03-05 23:39:21
Overblaze	Splice onto Arcane abilities are incorrectly affected by tax effects that are supposed to affect spells only	Advantageous	2018-03-23 02:30:52
Overwhelming Splendor	Creatures with ascend can still grant the City's Blessing with Overwhelming Splendor on the battlefield.	Disadvantageous	2018-03-23 03:37:41
Phantom Tiger	If Phantom Tiger dies in combat, blue text abilities it had been granted do not apply to that combat's damage.	Disadvantageous	2018-03-23 03:37:51
Phyrexian Portal	Phyrexian Portal doesn't let the owner see the pile they have chosen or choose a card	Disadvantageous	2018-03-12 05:08:04
Planeswalker's Favor	Ignite Memories and similar cards can cause a game restart if the target has no cards in hand.	Game Breaking	2018-03-23 03:38:12
Planeswalker's Fury	Ignite Memories and similar cards can cause a game restart if the target has no cards in hand.	Game Breaking	2018-03-23 03:38:12
Planeswalker's Mirth	Ignite Memories and similar cards can cause a game restart if the target has no cards in hand.	Game Breaking	2018-03-23 03:38:12
Planeswalker's Mischief	Ignite Memories and similar cards can cause a game restart if the target has no cards in hand.	Game Breaking	2018-03-23 03:38:12
Planeswalker's Scorn	Ignite Memories and similar cards can cause a game restart if the target has no cards in hand.	Game Breaking	2018-03-23 03:38:12
Pox	The calculation code seems to be wrong, because one third of three (3) is calculated as two (2)	Unconfirmed	2018-03-16 04:41:06
Primal Wellspring	If you cast a card you don't own with Primal Wellspring, the copy is cast by the card's owner.	Disadvantageous	2018-03-22 17:38:03
Primal Wellspring	bug When Primal Wellspring copies Expropriate, Expropriate effects are controlled by the non-active player who votes time	Unconfirmed	2018-03-22 17:05:54
Primal Wellspring	bug When Primal Wellspring copies Fractured Identity, the controller of the permanent it targets chooses the new targets for it	Unconfirmed	2018-03-22 17:06:08
Primitive Justice	[Primitive Justice] will either not cast/restart the game with a single target.	Game Breaking	2018-01-19 09:47:04
Prince of Thralls	Prince of ThrallsÂ asks its owner to pay life instead of the opponent.	Advantageous	2018-03-23 03:38:08
Profane Command	Profane Command If a player gains shroud in response to Profane Command, the first mode will still resolve / choosing to give creatures fear when you control no creatures prompts a large number.	Advantageous	2018-03-23 02:38:50
Psychic Puppetry	Splice onto Arcane abilities are incorrectly affected by cost reduction effects that are supposed to affect spells only if there are two cost-reducting permanents with the same name	Advantageous	2018-03-05 23:39:21
Psychic Puppetry	Splice onto Arcane abilities are incorrectly affected by tax effects that are supposed to affect spells only	Advantageous	2018-03-23 02:30:52
Psychotic Episode	Psychotic Episode The card on top of the library isn't displayed in the revealed zone	Graphical	2018-03-18 03:57:55
Puppeteer Clique	Creatures returned with Puppeteer Clique are exiled at the end of any turn, not just the controller's	Disadvantageous	2018-03-20 18:38:34
Reap	[Reap] puts a "face down ability" into hand instead of the targetted cards	Game Breaking	2018-03-11 06:23:16
Reflecting Pool	Reflecting Pool does not get the ability to add any color of mana to your mana pool from Crumbling Vestige.	Disadvantageous	2018-03-22 16:21:05
Reflector Mage	If a player casts Reflector Mage targeting a creature they own, and then in the following turn their opponent casts Reflector Mage, they are able to immediately recast that creature.	Advantageous	2018-03-23 03:37:52
Reflector Mage	The second Reflector Mage played in the same turn will let the first one's target able to be cast.	Disadvantageous	2018-03-23 03:38:37
Reincarnation	[Reincarnation] Does nothing	Non-Functional ability	2017-12-26 17:37:57
Reweave	Splice onto Arcane abilities are incorrectly affected by cost reduction effects that are supposed to affect spells only if there are two cost-reducting permanents with the same name	Advantageous	2018-03-05 23:39:21
Reweave	Splice onto Arcane abilities are incorrectly affected by tax effects that are supposed to affect spells only	Advantageous	2018-03-23 02:30:52
Riches	If a commander is chosen for Riches in Rags // Riches, no other opponents need to choose a creature.	Disadvantageous	2018-03-23 03:38:11
Ricochet Trap	Ricochet Trap restarts the game when cast for its alternate cost.	Avoidable Game Breaking	2018-03-18 03:57:59
Rimescale Dragon	Rimescale Dragon does not place an Ice Counter on targeted creatures.	Disadvantageous	2018-03-23 03:38:03
Riptide Replicator	Riptide Replicator tokens use incorrect art and incorrectly display they have the changeling ability.	Graphical	2018-03-23 03:38:19
Roar of Jukai	Splice onto Arcane abilities are incorrectly affected by cost reduction effects that are supposed to affect spells only if there are two cost-reducting permanents with the same name	Advantageous	2018-03-05 23:39:21
Roar of Jukai	Splice onto Arcane abilities are incorrectly affected by tax effects that are supposed to affect spells only	Advantageous	2018-03-23 02:30:52
Rogue Skycaptain	[Rogue Skycaptain]'s upkeep cost is {0}.	Advantageous	2018-02-26 00:12:53
Rosheen Meanderer	Rosheen Meanderer is unable to contribute mana to spells that ask an opponent to pay X, such as Condescend.	Disadvantageous	2018-03-23 03:37:44
Runic Repetition	Runic Repetition Cannot be cast	Disadvantageous	2018-03-23 02:38:49
Sages of the Anima	[Sages of the Anima] puts the non-creature cards on top of the library instead of the bottom.	Disadvantageous	2018-02-06 04:35:59
Samurai of the Pale Curtain	Samurai of the Pale Curtain does not exile tokens.	Disadvantageous	2018-03-23 03:38:37
Sanguine Sacrament	There are known issues with giving flashback to a spell that is put on the bottom of a library as it resolves.	Unclassified	2018-03-23 03:38:00
Screams from Within	[Screams from Within]'s second ability (Return ~ to your hand) does not function. 	Disadvantageous	2018-02-03 03:38:45
Scroll Rack	The "OK" button of Scroll Rack has a display issue that displays it as a "cancel" button.	Graphical	2018-03-23 03:37:43
Scythe of the Wretched	While [Scythe of the Wretched] is unequipped, it reanimates any creature that happens to die.	Advantageous	2018-01-31 23:55:42
Seasons Past	There are known issues with giving flashback to a spell that is put on the bottom of a library as it resolves.	Unclassified	2018-03-23 03:38:00
Semblance Anvil	[Semblance Anvil] imprinting a split card does not reduce any casting costs. 	Disadvantageous	2018-02-03 06:09:02
Settle the Wreckage	Settle the Wreckage does not give the targeted player the option to not search their library.	Advantageous	2018-03-23 03:38:03
Shelldock Isle	Shelldock Isle and other hideaway lands from Lorwyn do not allow you to play lands.	Disadvantageous	2018-03-23 03:37:47
Sheltering Ancient	[Sheltering Ancient]'s Cumulative Upkeep Stops Working After One Age Counter	Advantageous	2018-01-24 04:24:55
Shifting Borders	Splice onto Arcane abilities are incorrectly affected by cost reduction effects that are supposed to affect spells only if there are two cost-reducting permanents with the same name	Advantageous	2018-03-05 23:39:21
Shifting Borders	Splice onto Arcane abilities are incorrectly affected by tax effects that are supposed to affect spells only	Advantageous	2018-03-23 02:30:52
Shifty Doppelganger	Shifty Doppelganger Restarts the game at end of turn	Game Breaking	2018-03-19 00:40:10
Shirei, Shizo's Caretaker	If control of Grave Betrayal or  Shirei, Shizo's Caretaker changes between a creature dying and the delayed EOT trigger going on the stack, the new controller gets the creature rather than the player who created the delayed trigger.	Disadvantageous	2018-03-19 00:24:33
Sindbad	Fa'adiyah Seer and Sindbad's ability won't discard non-land card drawn if there is any dredge card in your graveyard	Advantageous	2018-03-18 05:57:01
Singe-Mind Ogre	Ignite Memories and similar cards can cause a game restart if the target has no cards in hand.	Game Breaking	2018-03-23 03:38:12
Sneak Attack	The delayed trigger ability of Sneak Attack causes the opponent to sacrifice the creature if they gain control it.	Advantageous	2018-03-23 03:37:42
Soulless Revival	Splice onto Arcane abilities are incorrectly affected by cost reduction effects that are supposed to affect spells only if there are two cost-reducting permanents with the same name	Advantageous	2018-03-05 23:39:21
Soulless Revival	Splice onto Arcane abilities are incorrectly affected by tax effects that are supposed to affect spells only	Advantageous	2018-03-23 02:30:52
Sound the Call	The art for the token created by [Sound the Call] is incorrect. 	Graphical	2018-01-19 08:40:25
Spell Crumple	There are known issues with giving flashback to a spell that is put on the bottom of a library as it resolves.	Unclassified	2018-03-23 03:38:00
Spinerock Knoll	Shelldock Isle and other hideaway lands from Lorwyn do not allow you to play lands.	Disadvantageous	2018-03-23 03:37:47
Spiritual Visit	Splice onto Arcane abilities are incorrectly affected by cost reduction effects that are supposed to affect spells only if there are two cost-reducting permanents with the same name	Advantageous	2018-03-05 23:39:21
Spiritual Visit	Splice onto Arcane abilities are incorrectly affected by tax effects that are supposed to affect spells only	Advantageous	2018-03-23 02:30:52
Spoils of Victory	[Spoils of Victory] The land comes into play tapped	Disadvantageous	2018-02-13 05:39:04
Spreading Seas	If Vesuva copies a land with a static ability and then is later turned into a basic land (perhaps by a Blood Moon or Spreading Seas), that static ability will not be removed. Triggered and activated abilities are correctly removed.	Advantageous	2018-03-23 03:37:45
Storage Matrix	Storage Matrix Selecting yes to anything other than artifacts with two Storage Matrices in play causes the game to soft lock.	Disadvantageous	2018-03-23 03:38:15
Strange Inversion	Splice onto Arcane abilities are incorrectly affected by cost reduction effects that are supposed to affect spells only if there are two cost-reducting permanents with the same name	Advantageous	2018-03-05 23:39:21
Strange Inversion	Splice onto Arcane abilities are incorrectly affected by tax effects that are supposed to affect spells only	Advantageous	2018-03-23 02:30:52
Structural Collapse	[Structural Collapse] doesn't cause target to sacrifice either an artifact or land.	Disadvantageous	2018-02-13 06:30:28
Summoner's Bane	Token created by Summoner's Bane have incorrect art and incorrectly display that they have flying	Graphical	2018-03-13 01:26:13
Sunscourge Champion	Sunscourge Champion will cause you to lose life if it has negative power when its trigger resolves.	Disadvantageous	2018-03-23 03:38:12
Sylvan Primordial	Casting Sylvan Primordial causes the game to be soft-locked in a multiplayer game if there are no legal targets for one player.	Game Breaking	2018-03-23 03:37:54
Synthetic Destiny	Synthetic DestinyMass Polymorph does not take commanders into account when determining the number of creatures to reveal.	Disadvantageous	2018-03-23 03:38:20
Taigam's Scheming	Some spells that let you look at the top cards of your library and choose multiple cards one-by-one to send to the graveyard will incorrectly display the visual order of the chosen cards in the graveyard.	Graphical	2018-02-13 20:10:02
Tawnos's Coffin	Tawnos's Coffin crashes the game for everyone when it tries to return a card to the battlefield.	Game Breaking	2018-03-23 02:38:49
Terastodon	If some (not all) of Terastodon's targets are indestructible permanent(s), it will incorrectly create elephant token(s) for the owner of those permanents.	Advantageous	2018-03-23 03:37:48
The Gitrog Monster	Non-land permanents that have become lands due to an enchantment, such as Imprisoned in the Moon, do not trigger the third ability of The Gitrog Monster when put into the graveyard 	Disadvantageous	2018-03-23 03:38:17
The Scarab God	The Scarab God and God-Pharaoh's Gift do not respect 706.9d and replaces characteristic defining abilities when creating copies of creatures.	Unclassified	2018-03-23 03:37:46
The Ur-Dragon	The Ur-Dragon also reduces its own casting cost.	Advantageous	2018-03-23 03:37:53
Thieving Sprite	When only some cards from an opponent's hand are revealed, they do not appear in the revealed zone	Disadvantageous	2018-03-23 03:37:39
Thornbite Staff	[Thornbite Staff] doesn't display the equip cost line when zoomed in upon.	Graphical	2018-01-19 08:40:26
Thornbow Archer	Thornbow Archer Incorrectly grants 1 life to opponents that do not control an Elf, rather than causing them to lose 1 life.	Disadvantageous	2018-03-23 02:38:46
Thran Turbine	[Thran Turbine] mana is able to be used to cast spells	Advantageous	2018-01-24 04:50:00
Through the Breach	Splice onto Arcane abilities are incorrectly affected by cost reduction effects that are supposed to affect spells only if there are two cost-reducting permanents with the same name	Advantageous	2018-03-05 23:39:21
Through the Breach	Splice onto Arcane abilities are incorrectly affected by tax effects that are supposed to affect spells only	Advantageous	2018-03-23 02:30:52
Tomorrow, Azami's Familiar	Tomorrow, Azami's Familiar puts both unchosen cards back on top of the library.	Disadvantageous	2018-03-18 03:58:01
Torment of Hailfire	The undo function works incorrectly with Torment of Hailfire.	Disadvantageous	2018-03-23 03:38:08
Torrent of Stone	Splice onto Arcane abilities are incorrectly affected by cost reduction effects that are supposed to affect spells only if there are two cost-reducting permanents with the same name	Advantageous	2018-03-05 23:39:21
Torrent of Stone	Splice onto Arcane abilities are incorrectly affected by tax effects that are supposed to affect spells only	Advantageous	2018-03-23 02:30:52
Unscythe, Killer of Kings	[Unscythe, Killer of Kings]'s effect procs when unequipped.	Advantageous	2018-02-13 06:49:12
Veil of Secrecy	Splice onto Arcane abilities are incorrectly affected by cost reduction effects that are supposed to affect spells only if there are two cost-reducting permanents with the same name	Advantageous	2018-03-05 23:39:21
Veil of Secrecy	Splice onto Arcane abilities are incorrectly affected by tax effects that are supposed to affect spells only	Advantageous	2018-03-23 02:30:52
Vesuva	If Vesuva copies a land with a static ability and then is later turned into a basic land (perhaps by a Blood Moon or Spreading Seas), that static ability will not be removed. Triggered and activated abilities are correctly removed.	Advantageous	2018-03-23 03:37:45
Vesuvan Shapeshifter	If Vesuvan Shapeshifter copies a Megamorph creature with it's face-up ability, it will retain the Megamorph ability in later turns, gaining +1/+1 counters.	Advantageous	2018-03-19 02:39:29
Vexing Sphinx	[Vexing Sphinx]'s Cumulative Upkeep Doesn't Make You Discard	Advantageous	2018-01-23 02:44:18
Vital Surge	Splice onto Arcane abilities are incorrectly affected by cost reduction effects that are supposed to affect spells only if there are two cost-reducting permanents with the same name	Advantageous	2018-03-05 23:39:21
Vital Surge	Splice onto Arcane abilities are incorrectly affected by tax effects that are supposed to affect spells only	Advantageous	2018-03-23 02:30:52
Vizier of Many Faces	Vizier of Many Faces If the Vizier copies a token creature that was created with embalm, the Vizier will display with no art.	Graphical	2018-03-23 03:38:17
Vizier of Many Faces	Vizier of Many Faces keeps its abilities when an opponent controls Overwhelming Splendor.	Advantageous	2018-03-23 03:38:10
Volcano Hellion	[Volcano Hellion] Damage is capped at 255	Disadvantageous	2018-01-02 17:37:55
Wall of Roots	The mana abilities of Wall of Roots and Kozilek's Translator cannot be activated while paying the mana cost of a spell or ability. Players can still activate these abilities at any time that player has priority.	Disadvantageous	2018-03-23 03:37:55
Wear Away	Splice onto Arcane abilities are incorrectly affected by cost reduction effects that are supposed to affect spells only if there are two cost-reducting permanents with the same name	Advantageous	2018-03-05 23:39:21
Wear Away	Splice onto Arcane abilities are incorrectly affected by tax effects that are supposed to affect spells only	Advantageous	2018-03-23 02:30:52
Weird Harvest	All creatures searched using Weird Harvest's ability will end in the hand of the last priority player	Disadvantageous	2018-03-15 06:40:21
Whims of the Fates	Whims of the Fates Causes client crashes	Game Breaking	2018-03-23 02:38:49
Windbrisk Heights	Shelldock Isle and other hideaway lands from Lorwyn do not allow you to play lands.	Disadvantageous	2018-03-23 03:37:47
Withdraw	Withdraw is able to target the same creature twice.	Advantageous	2018-03-23 03:37:41
Words of Waste	Words of Waste does not function.	Non-Functional ability	2018-03-23 03:37:52
Yisan, the Wanderer Bard	If all of Yisan, the Wanderer Bard's verse counters are removed in response to its ability, you are able to search your library for any creature, regardless of CMC.	Advantageous	2018-03-23 03:37:49
Zodiac Rooster	Cards that are only common in PRM version can be added to Pauper decks, but you can't join a Pauper match with decks that have those cards	Unconfirmed	2018-03-17 01:05:29
Zur's Weirding	Zur's Weirding Reveals but doesn't allow you to pay	Disadvantageous	2018-03-22 06:37:49
